{"cameraMode":{"drawMode":0,"name":"Shaded","section":"Shading Mode"},"sceneLighting":true,"audioPlay":false,"sceneViewState":{"showFog":true,"showMaterialUpdate":false,"showSkybox":true,"showFlares":true,"showImageEffects":true,"showParticleSystems":true},"in2DMode":false,"pivot":{"x":15.669060707092286,"y":43.87061309814453,"z":32.68360900878906},"rotation":{"x":0.2669440805912018,"y":-0.6135975122451782,"z":0.23201178014278413,"w":0.7059851884841919},"size":64.93634796142578,"orthographic":false}